John Doe,30,123-456-7890
Jane Smith,25,456-789-0123
Alice Johnson,40,789-012-3456
Bob Brown,35,234-567-8901
Emily Davis,28,567-890-1234
Michael Wilson,45,890-123-4567
Emma Taylor,32,345-678-9012
David Martinez,38,678-901-2345
Sophia Anderson,27,901-234-5678
James Lee,33,432-109-8765
Olivia Thompson,29,109-876-5432
William Garcia,42,876-543-2109
Isabella Hernandez,31,543-210-9876
Daniel Lopez,36,210-987-6543
Mia Martinez,26,987-654-3210
Alexander Clark,41,654-321-0987
Ava Walker,34,321-098-7654
Ethan Lewis,37,098-765-4321
Sophia Perez,39,765-432-1098
Matthew Moore,43,876-543-2109